{
  "format_version": "1.10.0",
  "particle_effect": {
    "description": {
      "identifier": "acr:sakura",
      "basic_render_parameters": {
        "material": "particles_blend",
        "texture": "textures/particle/sakura"
      }
    },
    "components": {
      "minecraft:emitter_rate_manual": {
        "max_particles": 3
      },
      "minecraft:particle_motion_collision": {
        "enabled": 1,
        "collision_drag": 3,
        "coefficient_of_restitution": 0,
        "collision_radius": 0.5
      },
      "minecraft:emitter_lifetime_expression": {
        "activation_expression": 1,
        "expiration_expression": 0
      },
      "minecraft:emitter_shape_point": {
        "direction": [ "Math.random(0.1,1)", -0.7, "Math.random(0.1,1)" ],
        "offset": [0,"query.life_time*(-10)",0]
      },
      "minecraft:particle_initial_speed": 0.0,
      "minecraft:particle_lifetime_expression": {
"max_lifetime": "Math.random(8, 15)"
      },
      "minecraft:particle_motion_dynamic": {
        "linear_acceleration": [ 0, -0.2, 0 ],
        "linear_drag_coefficient": 0.49
      },
      "minecraft:particle_appearance_billboard": {
        "size": [
" (5 - (variable.particle_age))* 0.02",
" (5 - (variable.particle_age))* 0.02"
 ],
        "facing_camera_mode": "lookat_xyz",
       "uv": {
          "texture_width": 16,
          "texture_height": 16,
          "uv": [ 0, 0 ],
          "uv_size": [ 16, 16 ]
        }
      }
    }
  }
}