{
  "format_version": "1.13.0",
  "minecraft:biome": {
    "description": {
      "identifier": "special"
    },
    "components": {
      "minecraft:climate": {
        "downfall": 0.0,
        "snow_accumulation": [ 0.0, 0.0 ],
        "temperature": 0.3
      },
      "minecraft:overworld_height": {
        "noise_type": "default"
      },
      "minecraft:overworld_surface": {
        "floor_depth": 5,
        "floor_material": "minecraft:iron_ore",
        "foundation_material": "minecraft:stone",
       "mid_material": "minecraft:glass",
        "top_material": "minecraft:dirt"
      },
      "minecraft:surface_material_adjustments": {
        "adjustments": [
          {
            "materials": {
              "top_material": {
                "name": "minecraft:dirt",
                "states": {
                  "dirt_type": "coarse"
                }
              }
            },
            "noise_range": [ 1.750, "infinity" ]
          },
          {
            "materials": {
              "top_material": "acr:crystals_ore"
            },
            "noise_range": [ -0.95, 1.750 ]
          }
        ]
      },

      "animal": {},
      "forest": {},
      "hills": {}
    }
  }
}