{
	"format_version": "1.13",
	"minecraft:item": {
		"description": {
           "identifier": "acr:crystals_sword",
  "register_to_creative_menu": true
		},
		"components": {
        "minecraft:stacked_by_data": false,
      "minecraft:max_stack_size": 1,
      "minecraft:hand_equipped": true,
   "minecraft:use_duration": 0.05,
   "minecraft:max_damage": 1562,
      "minecraft:foil": true,
     "minecraft:food": {
        "nutrition": 1,       
 "cooldown_type": "chorusfruit",
        "cooldown_time": 80,
        "can_always_eat": true
      }
	 }
  }
}