{
  "format_version": [
    1,
    1,
    0
  ],
  "acr:crystals_ore": {
    "textures": "crystals_ore",
    "sound": "crystals_kira"
       },
  "acr:sakura_planks": {
  "textures": "sakura_planks",
    "sound": "wood"
  },
  "acr:sakura_log": {
    "textures": {
      "up": "sakura_log_top",
      "down": "sakura_log_top",
      "side": "sakura_log_side"
    },
    "sound": "wood"
  },
  "acr:sugar_ore": {
  "textures": "sugar_ore",
    "sound": "stone"
  },
  "acr:sakura_leave": {
  "textures": "sakura_leave",
    "sound": "grass"
  }
     }