{
	"format_version": "1.8.0",
	"minecraft:entity": {
		"description": {
"identifier": "acr:wave_lie",
"runtime_identifier":"acr:wave_lie",
			"is_spawnable": true,
			"is_summonable": true,
			"is_experimental": false
		},

    "component_groups": {
    },

		"components": {
    "minecraft:physics": {
      },
    "minecraft:pushable": {
        "is_pushable": false,
        "is_pushable_by_piston": false
      },
     "minecraft:damage_sensor": [
        {
          "cause": "all",
          "deals_damage": false
        }
      ], 
      "minecraft:movement.basic": {
      },
      "minecraft:jump.static": {
      },
      "minecraft:can_fly": {
      },
      "minecraft:movement": {
        "value": 0.5
      },
"minecraft:behavior.nearest_attackable_target": {
        "priority": 100,
        "reselect_targets": false,
        "entity_types": [
          {
            "filters": {
              "all_of": [
                {
                  "test": "is_family",
                  "subject": "other",
                  "value": "player"
                }
              ]
            },
            "max_dist": 64
          }
        ]
      },
"minecraft:behavior.move_towards_restriction": {
        "priority": 100,
        "speed_multiplier": 1
      },
      
      "minecraft:collision_box": {
        "width": 0.0,
        "height": 0.0
      },
       "minecraft:scale": {
          "value": 4
        },
	"minecraft:fire_immune": true,
			"minecraft:type_family": {
		      "family": [ "acr", "wave"]
			}
		}
	}
}