{
	"format_version": "1.8.0",
	"minecraft:entity": {
		"description": {
"identifier": "acr:wave_stand",
"runtime_identifier":"acr:wave_stand",
			"is_spawnable": true,
			"is_summonable": true,
			"is_experimental": false
		},

    "component_groups": {
      "explode": {
        "minecraft:explode": {
          "fuse_length": 0,
          "fuse_lit": false,
          "power": 5,
          "causes_fire": false,
"destroy_affected_by_griefing": false
        }
      }
    },

		"components": {
    "minecraft:physics": {
      },
    "minecraft:pushable": {
        "is_pushable": false,
        "is_pushable_by_piston": false
      },
     "minecraft:damage_sensor": [
        {
          "cause": "all",
          "deals_damage": false
        }
      ], 
     "minecraft:on_hurt": {
        "event": "explode",
        "target": "self"
      },

      "minecraft:collision_box": {
        "width": 0.0,
        "height": 0.0
      },
       "minecraft:scale": {
          "value": 4
        },
	"minecraft:fire_immune": true,
			"minecraft:type_family": {
		      "family": [ "acr", "wave"]
			}
		}
	}
}