{
  "format_version": "1.10.0",
  "particle_effect": {
    "description": {
      "identifier": "acr:book_3",
      "basic_render_parameters": {
        "material": "particles_blend",
        "texture": "textures/books/3"
      }
    },
    "components": {
      "minecraft:emitter_rate_manual": {
        "max_particles": 10
      },
"minecraft:emitter_rate_instant": {
        "num_particles": 10
      },        
"minecraft:emitter_lifetime_expression": {
        "activation_expression": 1,
        "expiration_expression": 0
      },
      "minecraft:particle_initial_speed": 10.0,
      "minecraft:particle_lifetime_expression": {
"max_lifetime": "Math.random(0.2, 0.2)"
      },
      "minecraft:particle_appearance_billboard": {
        "size": [1.024,0.675],
        "facing_camera_mode": "lookat_xyz",
       "uv": {
          "texture_width": 1024,
          "texture_height": 675,
          "uv": [ 0, 0 ],
          "uv_size": [ "1024" , "675" ]
        }
      },
      "minecraft:particle_appearance_tinting": {
        "color": [ "variable.particle_age > (variable.particle_lifetime / 2.0) ? 1 - (0.0153 * (1 - Math.pow(0.7, variable.particle_age)) / (1 - 0.7)) : 1.0", "variable.particle_age > (variable.particle_lifetime / 2.0) ? 1 - (0.0387 * (1 - Math.pow(0.7, variable.particle_age)) / (1 - 0.7)) : 1.0", "variable.particle_age > (variable.particle_lifetime / 2.0) ? 1 - (0.0636 * (1 - Math.pow(0.7, variable.particle_age)) / (1 - 0.7)) : 1.0", "variable.particle_age > (variable.particle_lifetime / 2.0) ? 1 - 0.60 * ((variable.particle_age - (variable.particle_lifetime / 2.0)) / (variable.particle_lifetime / 2.0)) : 1.0" ]
      }
    }
  }
}