{
  "format_version": "1.10.0",
  "particle_effect": {
    "description": {
      "identifier": "acr:light",
      "basic_render_parameters": {
        "material": "particles_blend",
        "texture": "textures/particle/light"
      }
    },
    "components": {
      "minecraft:emitter_rate_manual": {
        "max_particles": 50
      },

      "minecraft:particle_motion_collision": {
        "enabled": 1,
        "collision_drag": 3,
        "coefficient_of_restitution": 0,
        "collision_radius": 0.5
      },
      "minecraft:emitter_lifetime_expression": {
        "activation_expression": 1,
        "expiration_expression": 0
      },
      "minecraft:emitter_shape_point": {
        "direction": [ 0.0, -0.7, 0.0 ],
        "offset": [
          "variable.custom_random1 = Math.Random(0.0, 1.0); variable.custom_random2 = Math.Random(0.0, 1.0); return 0.0;",
          "variable.custom_random3 = Math.Random(0.0, 1.0); variable.custom_random4 = Math.Random(0.0, 1.0); return 0.0;",
          "variable.custom_random5 = Math.Random(0.0, 1.0); variable.custom_random6 = Math.Random(0.0, 1.0); return 0.0;"
        ]
      },
      "minecraft:particle_initial_speed": 0.0,
      "minecraft:particle_lifetime_expression": {
"max_lifetime": "Math.random(3, 5)"
      },
      "minecraft:particle_motion_dynamic": {
        "linear_acceleration": [ 0, -0.2, 0 ],
        "linear_drag_coefficient": 0.49
      },
      "minecraft:particle_appearance_billboard": {
        "size": [
" (5 - (variable.particle_age))* 0.02",
" (5 - (variable.particle_age))* 0.02"
 ],
        "facing_camera_mode": "lookat_xyz",
       "uv": {
          "texture_width": 16,
          "texture_height": 16,
          "uv": [ 0, 0 ],
          "uv_size": [ 16, 16 ]
        }
      },
      "minecraft:particle_appearance_tinting": {
        "color": [ "variable.particle_age > (variable.particle_lifetime / 2.0) ? 1 - (0.0153 * (1 - Math.pow(0.7, variable.particle_age)) / (1 - 0.7)) : 1.0", "variable.particle_age > (variable.particle_lifetime / 2.0) ? 1 - (0.0387 * (1 - Math.pow(0.7, variable.particle_age)) / (1 - 0.7)) : 1.0", "variable.particle_age > (variable.particle_lifetime / 2.0) ? 1 - (0.0636 * (1 - Math.pow(0.7, variable.particle_age)) / (1 - 0.7)) : 1.0", "variable.particle_age > (variable.particle_lifetime / 2.0) ? 1 - 0.60 * ((variable.particle_age - (variable.particle_lifetime / 2.0)) / (variable.particle_lifetime / 2.0)) : 1.0" ]
      }
    }
  }
}