{
  "geometry.goddess": {
    "bones": [
      {
        "name": "body",
        "pivot": [ 0.0, 24.0, 0.0 ],
        "cubes": [
          {
            "origin": [ -4.0, 12.0, -2.0 ],
            "size": [ 8, 12, 4 ],
            "uv": [ 16, 16 ]
          }
        ]
      },

      {
        "name": "waist",
        "neverRender": true,
        "pivot": [ 0.0, 12.0, 0.0 ]
      },

      {
        "name": "head",
        "pivot": [ 0.0, 24.0, 0.0 ],
        "cubes": [
          {
            "origin": [ -4.0, 24.0, -4.0 ],
            "size": [ 8, 8, 8 ],
            "uv": [ 0, 0 ]
          }
        ]
      },

      {
        "name": "hat",
        "pivot": [ 0.0, 24.0, 0.0 ],
        "cubes": [
          {
            "origin": [ -4.0, 24.0, -4.0 ],
            "size": [ 8, 8, 8 ],
            "uv": [ 32, 0 ],
            "inflate": 0.5
          }
        ],
        "neverRender": true
      },

      {
        "name": "rightArm",
        "pivot": [ -5.0, 22.0, 0.0 ],
        "cubes": [
          {
            "origin": [ -8.0, 12.0, -2.0 ],
            "size": [ 4, 12, 4 ],
            "uv": [ 40, 16 ]
          }
        ]
      },

      {
        "name": "leftArm",
        "pivot": [ 5.0, 22.0, 0.0 ],
        "cubes": [
          {
            "origin": [ 4.0, 12.0, -2.0 ],
            "size": [ 4, 12, 4 ],
            "uv": [ 40, 16 ]
          }
        ],
        "mirror": true
      },

      {
        "name": "rightLeg",
        "pivot": [ -1.9, 12.0, 0.0 ],
        "cubes": [
          {
            "origin": [ -3.9, 0.0, -2.0 ],
            "size": [ 4, 12, 4 ],
            "uv": [ 0, 16 ]
          }
        ]
      },

      {
        "name": "leftLeg",
        "pivot": [ 1.9, 12.0, 0.0 ],
        "cubes": [
          {
            "origin": [ -0.1, 0.0, -2.0 ],
            "size": [ 4, 12, 4 ],
            "uv": [ 0, 16 ]
          }
        ],
        "mirror": true
      }
    ]
  },

  "geometry.cape": {
    "texturewidth": 64,
    "textureheight": 32,

    "bones": [
      {
        "name": "cape",
        "pivot": [ 0.0, 24.0, -3.0 ],
        "cubes": [
          {
            "origin": [ -5.0, 8.0, -3.0 ],
            "size": [ 10, 16, 1 ],
            "uv": [ 0, 0 ]
          }
        ],
        "material": "alpha"
      }
    ]
  },
  "geometry.goddess.custom:geometry.goddess": {
    "bones": [
      {
        "name": "hat",
        "neverRender": false,
        "material": "alpha",
        "pivot": [ 0.0, 24.0, 0.0 ]
      },
      {
        "name": "leftArm",
        "reset": true,
        "mirror": false,
        "pivot": [ 5.0, 22.0, 0.0 ],
        "cubes": [
          {
            "origin": [ 4.0, 12.0, -2.0 ],
            "size": [ 4, 12, 4 ],
            "uv": [ 32, 48 ]
          }
        ]
      },

      {
        "name": "rightArm",
        "reset": true,
        "pivot": [ -5.0, 22.0, 0.0 ],
        "cubes": [
          {
            "origin": [ -8.0, 12.0, -2.0 ],
            "size": [ 4, 12, 4 ],
            "uv": [ 40, 16 ]
          }
        ]
      },

      {
        "name": "rightItem",
        "pivot": [ -6, 15, 1 ],
        "neverRender": true,
        "parent": "rightArm"
      },

      {
        "name": "leftSleeve",
        "pivot": [ 5.0, 22.0, 0.0 ],
        "cubes": [
          {
            "origin": [ 4.0, 12.0, -2.0 ],
            "size": [ 4, 12, 4 ],
            "uv": [ 48, 48 ],
            "inflate": 0.25
          }
        ],
        "material": "alpha"
      },

      {
        "name": "rightSleeve",
        "pivot": [ -5.0, 22.0, 0.0 ],
        "cubes": [
          {
            "origin": [ -8.0, 12.0, -2.0 ],
            "size": [ 4, 12, 4 ],
            "uv": [ 40, 32 ],
            "inflate": 0.25
          }
        ],
        "material": "alpha"
      },

      {
        "name": "leftLeg",
        "reset": true,
        "mirror": false,
        "pivot": [ 1.9, 12.0, 0.0 ],
        "cubes": [
          {
            "origin": [ -0.1, 0.0, -2.0 ],
            "size": [ 4, 12, 4 ],
            "uv": [ 16, 48 ]
          }
        ]
      },

      {
        "name": "leftPants",
        "pivot": [ 1.9, 12.0, 0.0 ],
        "cubes": [
          {
            "origin": [ -0.1, 0.0, -2.0 ],
            "size": [ 4, 12, 4 ],
            "uv": [ 0, 48 ],
            "inflate": 0.25
          }
        ],
        "pos": [ 1.9, 12, 0 ],
        "material": "alpha"
      },

      {
        "name": "rightPants",
        "pivot": [ -1.9, 12.0, 0.0 ],
        "cubes": [
          {
            "origin": [ -3.9, 0.0, -2.0 ],
            "size": [ 4, 12, 4 ],
            "uv": [ 0, 32 ],
            "inflate": 0.25
          }
        ],
        "pos": [ -1.9, 12, 0 ],
        "material": "alpha"
      },

      {
        "name": "jacket",
        "pivot": [ 0.0, 24.0, 0.0 ],
        "cubes": [
          {
            "origin": [ -4.0, 12.0, -2.0 ],
            "size": [ 8, 12, 4 ],
            "uv": [ 16, 32 ],
            "inflate": 0.25
          }
        ],
        "material": "alpha"
      }
    ]
  },
  "geometry.goddess.customSlim:geometry.goddess": {

    "bones": [
      {
        "name": "hat",
        "neverRender": false,
        "material": "alpha"
      },
      {
        "name": "leftArm",
        "reset": true,
        "mirror": false,
        "pivot": [ 5.0, 21.5, 0.0 ],
        "cubes": [
          {
            "origin": [ 4.0, 11.5, -2.0 ],
            "size": [ 3, 12, 4 ],
            "uv": [ 32, 48 ]
          }
        ]
      },

      {
        "name": "rightArm",
        "reset": true,
        "pivot": [ -5.0, 21.5, 0.0 ],
        "cubes": [
          {
            "origin": [ -7.0, 11.5, -2.0 ],
            "size": [ 3, 12, 4 ],
            "uv": [ 40, 16 ]
          }
        ]
      },

      {
        "pivot": [ -6, 14.5, 1 ],
        "neverRender": true,
        "name": "rightItem",
        "parent": "rightArm"
      },

      {
        "name": "leftSleeve",
        "pivot": [ 5.0, 21.5, 0.0 ],
        "cubes": [
          {
            "origin": [ 4.0, 11.5, -2.0 ],
            "size": [ 3, 12, 4 ],
            "uv": [ 48, 48 ],
            "inflate": 0.25
          }
        ],
        "material": "alpha"
      },

      {
        "name": "rightSleeve",
        "pivot": [ -5.0, 21.5, 0.0 ],
        "cubes": [
          {
            "origin": [ -7.0, 11.5, -2.0 ],
            "size": [ 3, 12, 4 ],
            "uv": [ 40, 32 ],
            "inflate": 0.25
          }
        ],
        "material": "alpha"
      },

      {
        "name": "leftLeg",
        "reset": true,
        "mirror": false,
        "pivot": [ 1.9, 12.0, 0.0 ],
        "cubes": [
          {
            "origin": [ -0.1, 0.0, -2.0 ],
            "size": [ 4, 12, 4 ],
            "uv": [ 16, 48 ]
          }
        ]
      },

      {
        "name": "leftPants",
        "pivot": [ 1.9, 12.0, 0.0 ],
        "cubes": [
          {
            "origin": [ -0.1, 0.0, -2.0 ],
            "size": [ 4, 12, 4 ],
            "uv": [ 0, 48 ],
            "inflate": 0.25
          }
        ],
        "material": "alpha"
      },

      {
        "name": "rightPants",
        "pivot": [ -1.9, 12.0, 0.0 ],
        "cubes": [
          {
            "origin": [ -3.9, 0.0, -2.0 ],
            "size": [ 4, 12, 4 ],
            "uv": [ 0, 32 ],
            "inflate": 0.25
          }
        ],
        "material": "alpha"
      },

      {
        "name": "jacket",
        "pivot": [ 0.0, 24.0, 0.0 ],
        "cubes": [
          {
            "origin": [ -4.0, 12.0, -2.0 ],
            "size": [ 8, 12, 4 ],
            "uv": [ 16, 32 ],
            "inflate": 0.25
          }
        ],
        "material": "alpha"
      }
    ]
  }

}