{
	"format_version": "1.10.0",
	"animation_controllers": {
"controller.animation.backpack_reset": {
			"states": {
				"default": {
					"transitions": [
						{
"backpack_reset":"query.variant != 99"
					}
					],
		"on_entry": [
"/effect @e[type=acr:backpack] invisibility 9999 255 tree",
"/scoreboard objectives add backpack dummy backpack",
"/execute @e[type=acr:backpack] ~ ~ ~ scoreboard players set @a backpack 2",
"/scoreboard players add @s backpack -1",
"/execute @s[scores={backpack=0}] ~ ~ ~ summon acr:backpack",
"/execute @s[scores={backpack=0}] ~ ~ ~ scoreboard players set @a backpack 2",
"/execute @s[scores={backpack=-1}] ~ ~ ~ scoreboard players set @a backpack 2",
"/replaceitem entity @e[type=acr:backpack] slot.inventory 26 acr:ban",
"/clear @a acr:ban",
"/function ban"
					]
				},
	"backpack_reset": {
					"transitions": [
						{
			"default": "query.variant  != 99"
						}
					],
					"on_entry": [
"/effect @e[type=acr:backpack] invisibility 9999 255 tree",
"/scoreboard objectives add backpack dummy backpack",
"/execute @e[type=acr:backpack] ~ ~ ~ scoreboard players set @a backpack 2",
"/scoreboard players add @s backpack -1",
"/execute @s[scores={backpack=0}] ~ ~ ~ summon acr:backpack",
"/execute @s[scores={backpack=0}] ~ ~ ~ scoreboard players set @a backpack 2",
"/execute @s[scores={backpack=-1}] ~ ~ ~ scoreboard players set @a backpack 2",
"/replaceitem entity @e[type=acr:backpack] slot.inventory 26 acr:ban",
"/clear @a acr:ban",
"/function ban"
					]
				}
			}
		}
	}
}