{
	"format_version": "1.10.0",
	"animation_controllers": {
	"controller.animation.sakura": {
			"states": {
				"default": {
					"transitions": [
						{
"sakura":"query.variant == 1"
					}
					],
		"on_entry": [
"/execute @s ~ ~ ~  detect ~ ~1 ~ air 0 execute @s ~ ~ ~ detect ~ ~2 ~ air 0 execute @s ~ ~ ~ detect ~ ~3 ~ air 0 execute @s ~ ~ ~ detect ~1 ~3 ~ air 0 tag @s add can_1",
"/execute @s ~ ~ ~ detect ~-1 ~3 ~ air 0 execute @s ~ ~ ~ detect ~ ~3 ~1 air 0 execute @s ~ ~ ~ detect ~ ~3 ~-1 air 0 execute @s ~ ~ ~ detect ~3 ~4 ~3 air 0 tag @s add can_2",
"/execute @s ~ ~ ~ detect ~3 ~4 ~-3 air 0 execute @s ~ ~ ~ detect ~-3 ~4 ~3 air 0 execute @s ~ ~ ~ detect ~-3 ~4 ~3 air 0 execute @s ~ ~ ~ detect ~2 ~5 ~2 air 0 tag @s add can_3",
"/execute @s ~ ~ ~ detect ~2 ~5 ~-2 air 0 execute @s ~ ~ ~ detect ~-2 ~5 ~2 air 0 execute @s ~ ~ ~ detect ~-2 ~5 ~-2 air 0 tag @s add can_4",
"/execute @s ~ ~ ~ detect ~ ~6 ~ air 0 tag @s add can_5 ",
"/execute @s[tag=can_1,tag=can_2,tag=can_3,tag=can_4,tag=can_5] ~ ~ ~ tag @s add can_all",
"/execute @s[tag=!can_all] ~ ~ ~ tp @s ~ ~-256 ~",
"/fill ~-1 ~3 ~-1 ~1 ~5 ~1 sakura_leave 0 ",
"/fill ~-2 ~3 ~ ~2 ~5 ~ sakura_leave 0",
"/fill ~ ~3 ~-2 ~ ~5 ~2 sakura_leave 0",
"/fill ~2 ~4 ~1 ~-2 ~4 ~-1 sakura_Leave 0",
"/fill ~1 ~4 ~2 ~-1 ~4 ~-2 sakura_leave 0",
"/fill  ~ ~4 ~3 ~ ~4 ~-3 sakura_leave 0",
"/fill ~3 ~4 ~ ~-3 ~4 ~ sakura_leave 0",
"/fill ~1 ~6 ~ ~-1 ~6 ~ sakura_leave 0",
"/fill ~ ~6 ~1 ~ ~6 ~-1 sakura_leave 0",
"/setblock ~ ~7 ~ sakura_leave 0",
"/fill ~ ~ ~ ~ ~5 ~ sakura_log 0",
"/tp @s ~ ~-256 ~"
					]
				},
				"sakura": {
					"transitions": [
						{
"default": "query.variant  == 1"
						}
					],
			"on_entry": [
"/execute @s ~ ~ ~  detect ~ ~1 ~ air 0 execute @s ~ ~ ~ detect ~ ~2 ~ air 0 execute @s ~ ~ ~ detect ~ ~3 ~ air 0 execute @s ~ ~ ~ detect ~1 ~3 ~ air 0 tag @s add can_1",
"/execute @s ~ ~ ~ detect ~-1 ~3 ~ air 0 execute @s ~ ~ ~ detect ~ ~3 ~1 air 0 execute @s ~ ~ ~ detect ~ ~3 ~-1 air 0 execute @s ~ ~ ~ detect ~3 ~4 ~3 air 0 tag @s add can_2",
"/execute @s ~ ~ ~ detect ~3 ~4 ~-3 air 0 execute @s ~ ~ ~ detect ~-3 ~4 ~3 air 0 execute @s ~ ~ ~ detect ~-3 ~4 ~3 air 0 execute @s ~ ~ ~ detect ~2 ~5 ~2 air 0 tag @s add can_3",
"/execute @s ~ ~ ~ detect ~2 ~5 ~-2 air 0 execute @s ~ ~ ~ detect ~-2 ~5 ~2 air 0 execute @s ~ ~ ~ detect ~-2 ~5 ~-2 air 0 tag @s add can_4",
"/execute @s ~ ~ ~ detect ~ ~6 ~ air 0 tag @s add can_5 ",
"/execute @s[tag=can_1,tag=can_2,tag=can_3,tag=can_4,tag=can_5] ~ ~ ~ tag @s add can_all",
"/execute @s[tag=!can_all] ~ ~ ~ tp @s ~ ~-256 ~",
"/fill ~-1 ~3 ~-1 ~1 ~5 ~1 sakura_leave 0 ",
"/fill ~-2 ~3 ~ ~2 ~5 ~ sakura_leave 0",
"/fill ~ ~3 ~-2 ~ ~5 ~2 sakura_leave 0",
"/fill ~2 ~4 ~1 ~-2 ~4 ~-1 sakura_Leave 0",
"/fill ~1 ~4 ~2 ~-1 ~4 ~-2 sakura_leave 0",
"/fill  ~ ~4 ~3 ~ ~4 ~-3 sakura_leave 0",
"/fill ~3 ~4 ~ ~-3 ~4 ~ sakura_leave 0",
"/fill ~1 ~6 ~ ~-1 ~6 ~ sakura_leave 0",
"/fill ~ ~6 ~1 ~ ~6 ~-1 sakura_leave 0",
"/setblock ~ ~7 ~ sakura_leave 0",
"/fill ~ ~ ~ ~ ~5 ~ sakura_log 0",
"/tp @s ~ ~-256 ~"
					]
				}
			}
		}
	}
}