{
	"format_version": "1.10.0",
	"animation_controllers": {
		"controller.animation.space_remove": {
			"states": {
				"default": {
					"transitions": [
						{
			"space_remove":"query.variant != 8"
					}
					],
		"on_entry": [
"/tag @e[type=acr:backpack,r=3.5] ~ ~ ~ remove use",
"/tp @e[type=acr:backpack,tag=!use] ~ ~100 ~ ",
"/effect @e[type=acr:backpack] invisibility 99999 2 true"
					]
				},
				"space_remove": {
					"transitions": [
						{
			"default": "query.variant  != 8"
						}
					],
					"on_entry": [
"/tag @e[type=acr:backpack,r=3.5] ~ ~ ~ remove use",
"/tp @e[type=acr:backpack,tag=!use] ~ ~100 ~ ",
"/effect @e[type=acr:backpack] invisibility 99999 2 true"
					]
				}
			}
		}
	}
}