{
	"format_version": "1.10.0",
	"animation_controllers": {
"controller.animation.space": {
			"states": {
				"default": {
					"transitions": [
						{
			"space":"query.variant == 8"
					}
					],
		"on_entry": [
"/execute @e[type=acr:backpack] ~ ~ ~ execute @p[r=3] ~ ~ ~ tag @e[r=3,type=acr:back] add use",
"/execute @s ~ ~ ~ tp @e[type=acr:backpack,tag=!use] ^ ^1.3 ^1.2",
"/effect @e[type=acr:backpack] invisibility 99999 2 true",
"/tp @e[type=item,r=100] ~ ~ ~ "
					]
				},
				"space": {
					"transitions": [
						{
			"default": "query.variant == 8"
						}
					],
					"on_entry": [
"/execute @e[type=acr:backpack] ~ ~ ~ execute @p[r=3] ~ ~ ~ tag @e[r=3,type=acr:back] add use",
"/execute @s ~ ~ ~ tp @e[type=acr:backpack,tag=!use] ^ ^1.3 ^1.2",
"/effect @e[type=acr:backpack] invisibility 99999 2 true",
"/tp @e[type=item,r=100] ~ ~ ~ "
					]
				}
			}
		}
	}
}