{
	"format_version": "1.10.0",
	"animation_controllers": {
"controller.animation.shock_wave": {
			"states": {
				"default": {
					"transitions": [
						{
			"shock_wave":"query.variant == 5 && query.is_using_item"
					}
					],
		"on_entry": [

"/execute @s[scores={cold_1=..0}]  ~ ~ ~ execute @e[rm=1.5,type=!player,type=!acr:star_light,c=10,type=!item,type=!xp_orb] ~ ~ ~ summon acr:star_light",
"/scoreboard players set @s[scores={cold_1=..0}] cold_1 80"
					]
				},
				"shock_wave": {
					"transitions": [
						{
			"default": "query.variant == 5 && query.is_using_item"
						}
					],
					"on_entry": [
"/execute @s[scores={cold_1=..0}]  ~ ~ ~ execute @e[rm=1.5,type=!player,type=!acr:star_light,c=10,type=!item,type=!xp_orb] ~ ~ ~ summon acr:star_light",
"/scoreboard players set @s[scores={cold_1=..0}] cold_1 80"
					]
				}
			}
		}
	}
}