{
	"format_version": "1.10.0",
	"animation_controllers": {
		"controller.animation.book": {
			"states": {
				"default": {
					"transitions": [
						{
			"book":"query.variant != 99"
					}
					],
		"on_entry": [
"/tag @e[name=水晶,type=item] add book",
"/tag @e[name=书,type=item] add book",
"/execute @e[type=item,name=水晶] ~ ~ ~ execute @e[type=item,r=1,name=书] ~ ~ ~ playsound crystals @p",
"/execute @e[type=item,name=水晶] ~ ~ ~ execute @e[type=item,r=1,name=书] ~ ~ ~ gamerule sendcommandfeedback false",
"/execute @e[type=item,name=水晶] ~ ~ ~ execute @e[type=item,r=1,name=书] ~ ~ ~ give @p acr:crystals_book",
"/scoreboard objectives add book dummy book",
"/execute @e[type=item,tag=book] ~ ~ ~ scoreboard players set @a book 1",
"/execute @e[type=item,name=水晶] ~ ~ ~ execute @e[type=item,r=1,name=书] ~ ~ ~ kill @e[r=1,tag=book,type=item]",
"/scoreboard players add @a book 1",
"/execute @a[scores={book=3..}] ~ ~ ~ gamerule sendcommandfeedback true"

                    ]
				},
				"book": {
					"transitions": [
						{
			"default": "query.variant  != 99"
						}
					],
					"on_entry": [
"/tag @e[name=水晶,type=item] add book",
"/tag @e[name=书,type=item] add book",
"/execute @e[type=item,name=水晶] ~ ~ ~ execute @e[type=item,r=1,name=书] ~ ~ ~ playsound crystals @p",
"/execute @e[type=item,name=水晶] ~ ~ ~ execute @e[type=item,r=1,name=书] ~ ~ ~ gamerule sendcommandfeedback false",
"/execute @e[type=item,name=水晶] ~ ~ ~ execute @e[type=item,r=1,name=书] ~ ~ ~ give @p acr:crystals_book",
"/scoreboard objectives add book dummy book",
"/execute @e[type=item,tag=book] ~ ~ ~ scoreboard players set @a book 1",
"/execute @e[type=item,name=水晶] ~ ~ ~ execute @e[type=item,r=1,name=书] ~ ~ ~ kill @e[r=1,tag=book,type=item]",
"/scoreboard players add @a book 1",
"/execute @a[scores={book=3..}] ~ ~ ~ gamerule sendcommandfeedback true"
					]
				}
			}
		}
	}
}