{
	"format_version": "1.10.0",
	"animation_controllers": {
"controller.animation.crystals_book": {
			"states": {
				"default": {
					"transitions": [
						{
"crystals_book":"query.variant == 9"
					}
					],
		"on_entry": [
"/particle acr:book_1 ~ ~1 ~1.5",
"/particle acr:book_2 ~ ~1 ~-1.5",
"/particle acr:book_3 ~1.5 ~1 ~",
"/particle acr:book_4 ~-1.5 ~1 ~"
					]
				},
		"crystals_book": {
					"transitions": [
						{
"default": "query.variant == 9"
						}
					],
					"on_entry": [
"/particle acr:book_1 ~ ~1 ~1.5",
"/particle acr:book_2 ~ ~1 ~-1.5",
"/particle acr:book_3 ~1.5 ~1 ~",
"/particle acr:book_4 ~-1.5 ~1 ~"
					]
				}
			}
		}
	}
}