{
	"format_version": "1.8.0",
	"minecraft:client_entity": {
		"description": {
			"identifier": "acr:sakura",
			"materials": { "default": "player_soul" },
			"textures": {
				"default": "textures/entity/player_soul"
			},
			"geometry": {
				"default":"geometry.air"
			},
                  "animations" : {
              "round" : "animation.player_soul.round"
              },
			"render_controllers": [
			"controller.render.player_soul"
			],
      "spawn_egg": {
	   "base_color": "#33CCFF",
	   "overlay_color": "#33CCFF"
      },
     "animation_controllers" : [
              {
              "round" : "controller.animation.player_soul.round"
              } 
         ] 
		}
	}
}