{
	"format_version": "1.8.0",
	"minecraft:client_entity": {
		"description": {
	"identifier": "acr:star_light",
			"materials": { "default": "player_soul" },
			"textures": {
				"default": "textures/entity/star_light"
			},
			"geometry": {
				"default":"geometry.star_light"
			},
                  "animations" : {
              "base" : "animation.star_light.base"
              },
			"render_controllers": [
"controller.render.star_light"
			],
      "spawn_egg": {
	   "base_color": "#FFFAFA",
	   "overlay_color": "#FFFAFA"
      },
     "animation_controllers" : [
              {
              "round" : "controller.animation.star_light.base"
              } 
         ] 
		}
	}
}