{
  "resource_pack_name": "vanilla",
  "texture_name": "atlas.terrain",
  "padding": 8,
  "num_mip_levels": 4,
  "texture_data": {
   "crystals_ore":{
   "textures":[
    "textures/blocks/crystals_ore"
                     ]
            },
   "sakura_planks":{
   "textures":[
    "textures/blocks/sakura_planks"
                     ]
            },
   "sakura_log_top":{
   "textures":[
    "textures/blocks/sakura_log_top"
                     ]
            },
   "sakura_log_side":{
   "textures":[
    "textures/blocks/sakura_log_side"
                     ]
            },
   "sugar_ore":{
   "textures":[
    "textures/blocks/sugar_ore"
                     ]
            },
   "sakura_leave":{
   "textures":[
    "textures/blocks/sakura_leave"
                     ]
            }

      }
}