
   {
 "format_version": "1.12",
  "minecraft:recipe_shaped": {
    "description": {
    "identifier": "acr:spawn_huge_light"
    },
    
    "tags": [ "crafting_table" ],
    "pattern": [
      "#A#",
      "#X#",
      "ZZZ"
    ],
    "key": {
      "Z": {
        "item": "minecraft:glass"
      },
      "X": {
        "item": "acr:crystals_center"
      },
     "A":{
       "item":"acr:glass_stick"
      },
     "#":{
       "item":"acr:crystals"
      }
    },
    "result": {
      "item": "acr:spawn_huge_light",
      "data": 0
    }
  }
}