{
	"format_version": "1.10.0",
	"animation_controllers": {
		"controller.animation.dawn": {
			"states": {
				"default": {
					"transitions": [
						{
			"dawn":"query.variant != 99"
					}
					],
		"on_entry": [
"/function dawn",
"/scoreboard objectives add soul_time dummy soul_time",
"/scoreboard players add @e[type=acr_player_soul] soul_time 1",
"/kill @e[type=acr:player_soul,scores={soul_time=999..}]"
					]
				},
				"dawn": {
					"transitions": [
						{
			"default": "query.variant  != 99"
						}
					],
					"on_entry": [
"/function dawn",
"/scoreboard objectives add soul_time dummy soul_time",
"/scoreboard players add @e[type=acr_player_soul] soul_time 1",
"/kill @e[type=acr:player_soul,scores={soul_time=999..}]"
					]
				}
			}
		}
	}
}