{
	"format_version": "1.10.0",
	"geometry.wave_stand": {
		"texturewidth": 256,
		"textureheight": 256,
		"visible_bounds_width": 2,
		"visible_bounds_height": 1,
		"visible_bounds_offset": [0, 0.5, 0],
		"bones": [
			{
				"name": "1",
				"pivot": [0, 0, 0],
				"cubes": [
					{"origin": [-1, 2, 0], "size": [2, 9, 1], "uv": [0, 0]},
					{"origin": [-2, 3, 0], "size": [1, 7, 1], "uv": [0, 0]},
					{"origin": [-3, 4, 0], "size": [1, 5, 1], "uv": [0, 0]}
        ]
     },
			{
				"name": "2",
				"pivot": [0, 0, 0],
				"cubes": [
					{"origin": [-4, 5, 0], "size": [1, 3, 1], "uv": [0, 0]},
					{"origin": [-5, 6, 0], "size": [1, 1, 1], "uv": [0, 0]},
					{"origin": [0, 1, 0], "size": [5, 1, 1], "uv": [0, 0]}
        ]
     },
			{
				"name": "3",
				"pivot": [0, 0, 0],
				"cubes": [
					{"origin": [0, 11, 0], "size": [5, 1, 1], "uv": [0, 0]},
					{"origin": [1, 0, 0], "size": [5, 1, 1], "uv": [0, 0]},
					{"origin": [1, 12, 0], "size": [5, 1, 1], "uv": [0, 0]}
			        ]
     },
          {
				"name": "4",
				"pivot": [0, 0, 0],
				"cubes": [
					{"origin": [1, 2, 0], "size": [1, 2, 1], "uv": [0, 0]},
					{"origin": [1, 9, 0], "size": [1, 2, 1], "uv": [0, 0]}
				]
			}
		]
	}
}