{
	"format_version": "1.10.0",
	"geometry.wave_lie": {
		"texturewidth": 256,
		"textureheight": 256,
		"visible_bounds_width": 2,
		"visible_bounds_height": 1,
		"visible_bounds_offset": [0, 0.5, 0],
		"bones": [
			{
				"name": "1",
				"pivot": [0, 0, 0],
				"cubes": [
					{"origin": [-1.26085, -0.52177, -4.21694], "size": [2, 1, 9], "uv": [0, 0]},
					{"origin": [-2.26085, -0.52177, -3.21694], "size": [1, 1, 7], "uv": [0, 0]},
					{"origin": [-3.26085, -0.52177, -2.21694], "size": [1, 1, 5], "uv": [0, 0]}
        ]
     },
			{
				"name": "2",
				"pivot": [0, 0, 0],
				"cubes": [
					{"origin": [-4.26085, -0.52177, -1.21694], "size": [1, 1, 3], "uv": [0, 0]},
					{"origin": [-5.26085, -0.52177, -0.21694], "size": [1, 1, 1], "uv": [0, 0]},
					{"origin": [-0.26085, -0.52177, -5.21694], "size": [5, 1, 1], "uv": [0, 0]}
        ]
     },
			{
				"name": "3",
				"pivot": [0, 0, 0],
				"cubes": [
					{"origin": [-0.26085, -0.52177, 4.78306], "size": [5, 1, 1], "uv": [0, 0]},
					{"origin": [0.73915, -0.52177, -6.21694], "size": [5, 1, 1], "uv": [0, 0]},
					{"origin": [0.73915, -0.52177, 5.78306], "size": [5, 1, 1], "uv": [0, 0]}
        ]
     },
			{
				"name": "4",
				"pivot": [0, 0, 0],
				"cubes": [
					{"origin": [0.73915, -0.52177, -4.21694], "size": [1, 1, 2], "uv": [0, 0]},
					{"origin": [0.73915, -0.52177, 2.78306], "size": [1, 1, 2], "uv": [0, 0]}
				]
			}
		]
	}
}