{
	"format_version": "1.8.0",
	"minecraft:entity": {
		"description": {
			"identifier": "acr:sakura",
"runtime_identifier": "acr:sakura",
			"is_spawnable": true,
			"is_summonable": true,
			"is_experimental": false,
            "scripts": {
    "animate": ["sakura"]
              },
"animations": {
"sakura":"controller.animation.sakura"
             }
     },
		"components": {
   "minecraft:nameable": {
    "alwaysShow": true,
        "allowNameTagRenaming": true
    },
    "minecraft:physics": {
      },
    "minecraft:pushable": {
        "is_pushable": false,
        "is_pushable_by_piston": false
      },
 "minecraft:health":{
   "value":1
      },
"minecraft:variant": {
        "value": 1
       },
      "minecraft:collision_box": {
        "width": 0.0,
        "height": 0.0
      },
	"minecraft:fire_immune": true,
			"minecraft:type_family": {
 "family": [ "acr", "player_soul"]
			}
		}
	}
}