{
	"format_version": "1.8.0",
	"minecraft:entity": {
		"description": {
   "identifier": "acr:star_light",
"runtime_identifier": "acr:star_light",
			"is_spawnable": true,
			"is_summonable": true,
			"is_experimental": false
		},
		"components": {
   "minecraft:nameable": {
    "alwaysShow": true,
        "allowNameTagRenaming": true
    },
    "minecraft:physics": {
      },
    "minecraft:pushable": {
        "is_pushable": false,
        "is_pushable_by_piston": false
      },
     "minecraft:damage_sensor": [
        {
          "cause": "all",
          "deals_damage": false
        }
      ], 
      "minecraft:collision_box": {
        "width": 0.0,
        "height": 10.0
      },
      "minecraft:scale":{
       "value": 2.5
      },
	"minecraft:fire_immune": true,
	"minecraft:type_family": {
		"family": [ "acr", "star_light"]
			}
		}
	}
}