{
	"format_version": "1.8.0",
	"minecraft:entity": {
		"description": {
	"identifier": "acr:backpack",
"runtime_identifier": "acr:backpack",
			"is_spawnable": true,
			"is_summonable": true,
			"is_experimental": false
		},
		"components": {
   "minecraft:nameable": {
    "alwaysShow": true,
        "allowNameTagRenaming": true
    },
    "minecraft:physics": {
      },
    "minecraft:pushable": {
        "is_pushable": false,
        "is_pushable_by_piston": false
      },
     "minecraft:damage_sensor": [
        {
          "cause": "all",
          "deals_damage": false
        }
      ], 
	  "minecraft:inventory": {
        "container_type": "inventory",
        "inventory_size": 32,
        "can_be_siphoned_from": false
      },
      "minecraft:collision_box": {
        "width": 2.5,
        "height": 1.5
      },
	"minecraft:fire_immune": true,
			"minecraft:type_family": {
		      "family": [ "acr", "player_soul"]
			}
		}
	}
}