{
	"format_version": "1.10.0",
	"animation_controllers": {
	"controller.animation.waves": {
			"states": {
				"default": {
					"transitions": [
						{
			"waves":"query.variant != 99"
					}
					],
		"on_entry": [
"/scoreboard objectives add cold_1 dummy cold_1",
"/scoreboard objectives add cold_2 dummy cold_2",
"/scoreboard players add @a[scores={cold_1=-10..}] cold_1 -1",
"/scoreboard players add @e[type=acr:star_light] cold_2 1",
"/effect @e[type=acr:star_light,scores={cold_2=100..}] invisibility 10 10 true",
"/execute @e[type=acr:star_light,scores={cold_2=100..}] ~ ~ ~ tp @s ~ ~-500 ~",
"/execute @e[type=acr:star_light,scores={cold_2=100..}] ~ ~ ~ kill @s",
"/execute @e[type=acr:star_light] ~ ~ ~ effect @e[r=4,type=!player] levitation 1 0 true",
"/execute @e[type=acr:star_light] ~ ~ ~ effect @e[r=4,type=!player] poison 1 5 true",
"/execute @e[type=acr:star_light] ~ ~ ~ effect @e[r=4,type=!player] wither 1 5 true",
"/execute @e[type=acr:star_light] ~ ~ ~ effect @e[r=4,type=!player] slowness 2 0 true"
					]
				},
				"waves": {
					"transitions": [
						{
			"default": "query.variant  != 99"
						}
					],
					"on_entry": [
"/scoreboard objectives add cold_1 dummy cold_1",
"/scoreboard objectives add cold_2 dummy cold_2",
"/scoreboard players add @a[scores={cold_1=-10..}] cold_1 -1",
"/scoreboard players add @e[type=acr:star_light] cold_2 1",
"/effect @e[type=acr:star_light,scores={cold_2=100..}] invisibility 10 10 true",
"/execute @e[type=acr:star_light,scores={cold_2=100..}] ~ ~ ~ tp @s ~ ~-500 ~",
"/execute @e[type=acr:star_light,scores={cold_2=100..}] ~ ~ ~ kill @s",
"/execute @e[type=acr:star_light] ~ ~ ~ effect @e[r=4,type=!player] levitation 1 0 true",
"/execute @e[type=acr:star_light] ~ ~ ~ effect @e[r=4,type=!player] poison 1 5 true",
"/execute @e[type=acr:star_light] ~ ~ ~ effect @e[r=4,type=!player] wither 1 5 true",
"/execute @e[type=acr:star_light] ~ ~ ~ effect @e[r=4,type=!player] slowness 2 0 true"
					]
				}
			}
		}
	}
}